-- phpMyAdmin SQL Dump
-- version 5.0.2
-- https://www.phpmyadmin.net/
--
-- Host: 127.0.0.1
-- Generation Time: Jul 24, 2021 at 10:43 PM
-- Server version: 10.4.14-MariaDB
-- PHP Version: 7.4.10

SET SQL_MODE = "NO_AUTO_VALUE_ON_ZERO";
START TRANSACTION;
SET time_zone = "+00:00";


/*!40101 SET @OLD_CHARACTER_SET_CLIENT=@@CHARACTER_SET_CLIENT */;
/*!40101 SET @OLD_CHARACTER_SET_RESULTS=@@CHARACTER_SET_RESULTS */;
/*!40101 SET @OLD_COLLATION_CONNECTION=@@COLLATION_CONNECTION */;
/*!40101 SET NAMES utf8mb4 */;

--
-- Database: `movie_theatre_ticket_purchasing_system`
--

-- --------------------------------------------------------

--
-- Table structure for table `customer`
--

CREATE TABLE `customer` (
  `cust_id` varchar(4) NOT NULL,
  `cust_name` varchar(50) NOT NULL,
  `cust_phone` varchar(11) NOT NULL,
  `cust_email` varchar(50) NOT NULL,
  `cust_pwd` varchar(200) NOT NULL,
  `card_no` varchar(20) NOT NULL,
  `exp_date` date NOT NULL,
  `cvc_no` varchar(4) NOT NULL
) ENGINE=InnoDB DEFAULT CHARSET=utf8mb4;

--
-- Dumping data for table `customer`
--

INSERT INTO `customer` (`cust_id`, `cust_name`, `cust_phone`, `cust_email`, `cust_pwd`, `card_no`, `exp_date`, `cvc_no`) VALUES
('1001', 'Samia Rahman', '01765983547', 'samrahman@gmail.com', '11111', '4706913981295358', '2025-07-31', '831'),
('1002', 'Kabir Mahmud', '01965735246', 'kabir269@gmail.com', '22222', '4554459574617882', '2025-07-31', '640'),
('1003', 'Tashfia Islam', '01845219876', 'tashfia890@gmail.com', '333333', '4572044486953597', '2024-12-31', '620'),
('1004', 'Siam Ahmed', '01743257854', 'siamahmed33@gmail.com', '44444', '4214511984763912', '2022-07-31', '781'),
('1005', 'Zarin Sultana', '01956478254', 'zarin2103@gmail.com', '55555', '4263772653770386', '2024-12-31', '585'),
('1006', 'Fatema Khan', '01965325417', 'fatema21@gmail.com', '66666', '620587410', '2027-08-31', '325');

-- --------------------------------------------------------

--
-- Table structure for table `employee`
--

CREATE TABLE `employee` (
  `emp_id` varchar(5) NOT NULL,
  `emp_name` varchar(50) NOT NULL,
  `emp_pwd` varchar(50) NOT NULL,
  `emp_set` int(1) NOT NULL DEFAULT 1
) ENGINE=InnoDB DEFAULT CHARSET=utf8mb4;

--
-- Dumping data for table `employee`
--

INSERT INTO `employee` (`emp_id`, `emp_name`, `emp_pwd`, `emp_set`) VALUES
('10001', 'Sakib Ahmed', '11111', 1),
('10002', 'Sumaiya Parvin', '22222', 1),
('10003', 'Ashfaq Khan', '33333', 1),
('10004', 'Raisa Alam', '44444', 1),
('10005', 'Lisa Tasnim', '55555', 1),
('Admin', 'Samia Tahseen', '12345', 1);

-- --------------------------------------------------------

--
-- Table structure for table `film`
--

CREATE TABLE `film` (
  `film_id` varchar(5) NOT NULL,
  `film_name` varchar(50) NOT NULL,
  `director` varchar(50) NOT NULL,
  `release_date` date NOT NULL,
  `imdb` varchar(200) NOT NULL,
  `synopsis` varchar(500) NOT NULL,
  `rtom` varchar(200) NOT NULL,
  `now_showing` int(1) NOT NULL DEFAULT 0
) ENGINE=InnoDB DEFAULT CHARSET=utf8mb4;

--
-- Dumping data for table `film`
--

INSERT INTO `film` (`film_id`, `film_name`, `director`, `release_date`, `imdb`, `synopsis`, `rtom`, `now_showing`) VALUES
('F1001', 'Avengers: Endgame', 'Anthony Russo & Joe Russo', '2019-04-26', 'https://www.imdb.com/title/tt4154796/', 'After the devastating events of Avengers: Infinity War (2018), the universe is in ruins. With the help of remaining allies, the Avengers assemble once more in order to reverse Thanos\' actions and restore balance to the universe.', 'https://www.rottentomatoes.com/m/avengers_endgame', 0),
('F1002', 'The Social Network', 'David Fincher', '2010-10-01', 'https://www.imdb.com/title/tt1285016/', 'As Harvard student Mark Zuckerberg creates the social networking site that would become known as Facebook, he is sued by the twins who claimed he stole their idea, and by the co-founder who was later squeezed out of the business.', 'https://www.rottentomatoes.com/m/the-social-network', 0),
('F1003', 'The Conjuring: The Devil Made Me Do It', 'Michael Chaves', '2021-06-04', 'https://www.imdb.com/title/tt7069210/', 'The Warrens investigate a murder that may be linked to a demonic possession.', 'https://www.rottentomatoes.com/m/the_conjuring_the_devil_made_me_do_it', 1),
('F1004', 'Raya and the Last Dragon', 'Don Hall & Carlos López Estrada', '2021-03-05', 'https://www.imdb.com/title/tt5109280/', 'In a realm known as Kumandra, a re-imagined Earth inhabited by an ancient civilization, a warrior named Raya is determined to find the last dragon.', 'https://www.rottentomatoes.com/m/raya_and_the_last_dragon', 1),
('F1005', 'Godzilla vs. Kong', 'Adam Wingard', '2021-03-24', 'https://www.imdb.com/title/tt5034838/', 'The epic next chapter in the cinematic Monsterverse pits two of the greatest icons in motion picture history against one another - the fearsome Godzilla and the mighty Kong - with humanity caught in the balance.', 'https://www.rottentomatoes.com/m/godzilla_vs_kong', 1),
('F1006', 'Black Widow', 'Cate Shortland', '2021-07-09', 'https://www.imdb.com/title/tt3480822/', 'A film about Natasha Romanoff in her quests between the films Civil War and Infinity War.', 'https://www.rottentomatoes.com/m/black_widow_2021', 0),
('F1007', 'Luca', 'Enrico Casarosa', '2021-06-18', 'https://www.imdb.com/title/tt12801262/', 'On the Italian Riviera, an unlikely but strong friendship grows between a human being and a sea monster disguised as a human.', 'https://www.rottentomatoes.com/m/luca_2021', 0);

-- --------------------------------------------------------

--
-- Table structure for table `show`
--

CREATE TABLE `show` (
  `show_id` varchar(13) NOT NULL,
  `film_id` varchar(5) NOT NULL,
  `show_date` date NOT NULL,
  `showtime` time NOT NULL,
  `emp_id` varchar(5) NOT NULL
) ENGINE=InnoDB DEFAULT CHARSET=utf8mb4;

--
-- Dumping data for table `show`
--

INSERT INTO `show` (`show_id`, `film_id`, `show_date`, `showtime`, `emp_id`) VALUES
('010821F1003S1', 'F1003', '2021-08-01', '15:00:00', '10002'),
('010821F1004S1', 'F1004', '2021-08-01', '10:00:00', '10002'),
('010821F1004S2', 'F1004', '2021-08-01', '17:30:00', '10002'),
('010821F1005S1', 'F1005', '2021-08-01', '12:30:00', '10002'),
('020821F1003S1', 'F1003', '2021-08-02', '15:00:00', '10002'),
('020821F1004S1', 'F1004', '2021-08-02', '10:00:00', '10002'),
('020821F1004S2', 'F1004', '2021-08-02', '17:30:00', '10002'),
('020821F1005S1', 'F1005', '2021-08-02', '12:30:00', '10002'),
('030821F1003S1', 'F1003', '2021-08-03', '12:30:00', '10002'),
('030821F1004S1', 'F1004', '2021-08-03', '15:00:00', '10002'),
('030821F1005S1', 'F1005', '2021-08-03', '10:00:00', '10002'),
('030821F1005S2', 'F1005', '2021-08-03', '17:30:00', '10002'),
('040821F1003S1', 'F1003', '2021-08-04', '10:00:00', '10002'),
('040821F1003S2', 'F1003', '2021-08-04', '17:30:00', '10002'),
('040821F1004S1', 'F1004', '2021-08-04', '12:30:00', '10002'),
('040821F1005S1', 'F1005', '2021-08-04', '15:00:00', '10002'),
('060821F1003S1', 'F1003', '2021-08-06', '12:30:00', '10002'),
('060821F1004S1', 'F1004', '2021-08-06', '15:00:00', '10002'),
('060821F1005S1', 'F1005', '2021-08-06', '10:00:00', '10002'),
('060821F1005S2', 'F1005', '2021-08-06', '17:30:00', '10002'),
('070821F1003S1', 'F1003', '2021-08-07', '10:00:00', '10002'),
('070821F1003S2', 'F1003', '2021-08-07', '17:30:00', '10002'),
('070821F1004S1', 'F1004', '2021-08-07', '12:30:00', '10002'),
('070821F1005S1', 'F1005', '2021-08-07', '15:00:00', '10002');

-- --------------------------------------------------------

--
-- Table structure for table `ticket`
--

CREATE TABLE `ticket` (
  `ticket_no` varchar(16) NOT NULL,
  `seat_no` varchar(3) NOT NULL,
  `class` varchar(6) NOT NULL,
  `cost` decimal(6,2) NOT NULL,
  `show_id` varchar(13) NOT NULL,
  `cust_id` varchar(4) NOT NULL
) ENGINE=InnoDB DEFAULT CHARSET=utf8mb4;

--
-- Dumping data for table `ticket`
--

INSERT INTO `ticket` (`ticket_no`, `seat_no`, `class`, `cost`, `show_id`, `cust_id`) VALUES
('010821F1003S1001', 'D07', 'First', '350.00', '010821F1003S1', '1001'),
('010821F1003S1002', 'D08', 'First', '350.00', '010821F1003S1', '1001'),
('010821F1003S1003', 'D09', 'First', '350.00', '010821F1003S1', '1001'),
('010821F1003S1004', 'D10', 'First', '350.00', '010821F1003S1', '1001'),
('010821F1003S1005', 'D11', 'First', '350.00', '010821F1003S1', '1001'),
('010821F1003S1006', 'D12', 'First', '350.00', '010821F1003S1', '1001'),
('010821F1003S1007', 'D13', 'First', '350.00', '010821F1003S1', '1001'),
('010821F1003S1008', 'D14', 'First', '350.00', '010821F1003S1', '1001'),
('010821F1003S1009', 'L07', 'Second', '500.00', '010821F1003S1', '1003'),
('010821F1003S1010', 'L08', 'Second', '500.00', '010821F1003S1', '1003'),
('010821F1003S1011', 'L09', 'Second', '500.00', '010821F1003S1', '1003'),
('010821F1003S1012', 'S15', 'Third', '800.00', '010821F1003S1', '1004'),
('010821F1003S1013', 'S16', 'Third', '800.00', '010821F1003S1', '1004'),
('010821F1003S1014', 'S17', 'Third', '800.00', '010821F1003S1', '1004'),
('010821F1003S1015', 'S18', 'Third', '800.00', '010821F1003S1', '1004'),
('010821F1004S1001', 'C04', 'First', '200.00', '010821F1004S1', '1002'),
('010821F1004S1002', 'C05', 'First', '200.00', '010821F1004S1', '1002'),
('010821F1004S1003', 'C06', 'First', '200.00', '010821F1004S1', '1002'),
('010821F1004S1004', 'P09', 'Second', '350.00', '010821F1004S1', '1004'),
('010821F1004S1005', 'P10', 'Second', '350.00', '010821F1004S1', '1004'),
('010821F1004S1006', 'P11', 'Second', '350.00', '010821F1004S1', '1004'),
('010821F1004S1007', 'R03', 'Third', '500.00', '010821F1004S1', '1005'),
('010821F1004S1008', 'R04', 'Third', '500.00', '010821F1004S1', '1005'),
('010821F1004S1009', 'R05', 'Third', '500.00', '010821F1004S1', '1005'),
('010821F1004S1010', 'R06', 'Third', '500.00', '010821F1004S1', '1005'),
('010821F1004S2001', 'J15', 'First', '350.00', '010821F1004S2', '1003'),
('010821F1004S2002', 'J16', 'First', '350.00', '010821F1004S2', '1003'),
('010821F1004S2003', 'J17', 'First', '350.00', '010821F1004S2', '1003'),
('010821F1004S2004', 'O15', 'Second', '500.00', '010821F1004S2', '1004'),
('010821F1004S2005', 'O16', 'Second', '500.00', '010821F1004S2', '1004'),
('010821F1004S2006', 'O17', 'Second', '500.00', '010821F1004S2', '1004'),
('010821F1004S2007', 'O18', 'Second', '500.00', '010821F1004S2', '1004'),
('010821F1004S2008', 'O19', 'Second', '500.00', '010821F1004S2', '1004'),
('010821F1004S2009', 'O20', 'Second', '500.00', '010821F1004S2', '1004'),
('010821F1004S2010', 'R09', 'Third', '800.00', '010821F1004S2', '1001'),
('010821F1004S2011', 'R10', 'Third', '800.00', '010821F1004S2', '1001'),
('010821F1005S1001', 'F04', 'First', '200.00', '010821F1005S1', '1002'),
('010821F1005S1002', 'F05', 'First', '200.00', '010821F1005S1', '1002'),
('010821F1005S1003', 'F06', 'First', '200.00', '010821F1005S1', '1002'),
('010821F1005S1004', 'K15', 'Second', '350.00', '010821F1005S1', '1005'),
('010821F1005S1005', 'K16', 'Second', '350.00', '010821F1005S1', '1005'),
('010821F1005S1006', 'K17', 'Second', '350.00', '010821F1005S1', '1005'),
('010821F1005S1007', 'K18', 'Second', '350.00', '010821F1005S1', '1005'),
('010821F1005S1008', 'T15', 'Third', '500.00', '010821F1005S1', '1003'),
('010821F1005S1009', 'T16', 'Third', '500.00', '010821F1005S1', '1003'),
('010821F1005S1010', 'T17', 'Third', '500.00', '010821F1005S1', '1003'),
('010821F1005S1011', 'T18', 'Third', '500.00', '010821F1005S1', '1003'),
('010821F1005S1012', 'T19', 'Third', '500.00', '010821F1005S1', '1003'),
('010821F1005S1013', 'T20', 'Third', '500.00', '010821F1005S1', '1003'),
('020821F1003S1001', 'F11', 'First', '350.00', '020821F1003S1', '1005'),
('020821F1003S1002', 'F12', 'First', '350.00', '020821F1003S1', '1005'),
('020821F1003S1003', 'F13', 'First', '350.00', '020821F1003S1', '1005'),
('020821F1003S1004', 'F14', 'First', '350.00', '020821F1003S1', '1005'),
('020821F1003S1005', 'F15', 'First', '350.00', '020821F1003S1', '1005'),
('020821F1003S1006', 'K02', 'Second', '500.00', '020821F1003S1', '1002'),
('020821F1003S1007', 'K03', 'Second', '500.00', '020821F1003S1', '1002'),
('020821F1003S1008', 'K04', 'Second', '500.00', '020821F1003S1', '1002'),
('020821F1003S1009', 'R14', 'Third', '800.00', '020821F1003S1', '1004'),
('020821F1003S1010', 'R15', 'Third', '800.00', '020821F1003S1', '1004'),
('020821F1003S1011', 'R16', 'Third', '800.00', '020821F1003S1', '1004'),
('020821F1003S1012', 'R17', 'Third', '800.00', '020821F1003S1', '1004'),
('020821F1004S1001', 'G05', 'First', '200.00', '020821F1004S1', '1002'),
('020821F1004S1002', 'G06', 'First', '200.00', '020821F1004S1', '1002'),
('020821F1004S1003', 'G07', 'First', '200.00', '020821F1004S1', '1002'),
('020821F1004S1004', 'G08', 'First', '200.00', '020821F1004S1', '1002'),
('020821F1004S1005', 'K09', 'Second', '350.00', '020821F1004S1', '1001'),
('020821F1004S1006', 'K10', 'Second', '350.00', '020821F1004S1', '1001'),
('020821F1004S1007', 'K11', 'Second', '350.00', '020821F1004S1', '1001'),
('020821F1004S1008', 'S18', 'Third', '500.00', '020821F1004S1', '1004'),
('020821F1004S1009', 'S19', 'Third', '500.00', '020821F1004S1', '1004'),
('020821F1004S1010', 'S20', 'Third', '500.00', '020821F1004S1', '1004'),
('020821F1004S2001', 'B03', 'First', '350.00', '020821F1004S2', '1005'),
('020821F1004S2002', 'B04', 'First', '350.00', '020821F1004S2', '1005'),
('020821F1004S2003', 'B05', 'First', '350.00', '020821F1004S2', '1005'),
('020821F1004S2004', 'K13', 'Second', '500.00', '020821F1004S2', '1001'),
('020821F1004S2005', 'K14', 'Second', '500.00', '020821F1004S2', '1001'),
('020821F1004S2006', 'K15', 'Second', '500.00', '020821F1004S2', '1001'),
('020821F1004S2007', 'T01', 'Third', '800.00', '020821F1004S2', '1005'),
('020821F1004S2008', 'T02', 'Third', '800.00', '020821F1004S2', '1005'),
('020821F1004S2009', 'T03', 'Third', '800.00', '020821F1004S2', '1005'),
('020821F1005S1001', 'J15', 'First', '200.00', '020821F1005S1', '1003'),
('020821F1005S1002', 'J16', 'First', '200.00', '020821F1005S1', '1003'),
('020821F1005S1003', 'J17', 'First', '200.00', '020821F1005S1', '1003'),
('020821F1005S1004', 'J18', 'First', '200.00', '020821F1005S1', '1003'),
('020821F1005S1005', 'L11', 'Second', '350.00', '020821F1005S1', '1004'),
('020821F1005S1006', 'L12', 'Second', '350.00', '020821F1005S1', '1004'),
('020821F1005S1007', 'L13', 'Second', '350.00', '020821F1005S1', '1004'),
('020821F1005S1008', 'T06', 'Third', '500.00', '020821F1005S1', '1001'),
('020821F1005S1009', 'T07', 'Third', '500.00', '020821F1005S1', '1001'),
('020821F1005S1010', 'T08', 'Third', '500.00', '020821F1005S1', '1001'),
('030821F1003S1001', 'H04', 'First', '200.00', '030821F1003S1', '1003'),
('030821F1003S1002', 'H05', 'First', '200.00', '030821F1003S1', '1003'),
('030821F1003S1003', 'H06', 'First', '200.00', '030821F1003S1', '1003'),
('030821F1003S1004', 'H07', 'First', '200.00', '030821F1003S1', '1003'),
('030821F1003S1005', 'H08', 'First', '200.00', '030821F1003S1', '1003'),
('030821F1003S1006', 'N10', 'Second', '350.00', '030821F1003S1', '1001'),
('030821F1003S1007', 'N11', 'Second', '350.00', '030821F1003S1', '1001'),
('030821F1003S1008', 'N12', 'Second', '350.00', '030821F1003S1', '1001'),
('030821F1003S1009', 'N13', 'Second', '350.00', '030821F1003S1', '1001'),
('030821F1003S1010', 'R07', 'Third', '500.00', '030821F1003S1', '1005'),
('030821F1003S1011', 'R08', 'Third', '500.00', '030821F1003S1', '1005'),
('030821F1003S1012', 'R09', 'Third', '500.00', '030821F1003S1', '1005'),
('030821F1003S1013', 'R10', 'Third', '500.00', '030821F1003S1', '1005'),
('030821F1004S1001', 'C14', 'First', '350.00', '030821F1004S1', '1004'),
('030821F1004S1002', 'C15', 'First', '350.00', '030821F1004S1', '1004'),
('030821F1004S1003', 'C16', 'First', '350.00', '030821F1004S1', '1004'),
('030821F1004S1004', 'C17', 'First', '350.00', '030821F1004S1', '1004'),
('030821F1004S1005', 'K13', 'Second', '500.00', '030821F1004S1', '1002'),
('030821F1004S1006', 'K14', 'Second', '500.00', '030821F1004S1', '1002'),
('030821F1004S1007', 'K15', 'Second', '500.00', '030821F1004S1', '1002'),
('030821F1004S1008', 'K16', 'Second', '500.00', '030821F1004S1', '1002'),
('030821F1004S1009', 'S05', 'Third', '800.00', '030821F1004S1', '1005'),
('030821F1004S1010', 'S06', 'Third', '800.00', '030821F1004S1', '1005'),
('030821F1004S1011', 'S07', 'Third', '800.00', '030821F1004S1', '1005'),
('030821F1004S1012', 'S08', 'Third', '800.00', '030821F1004S1', '1005'),
('030821F1005S1001', 'E13', 'First', '200.00', '030821F1005S1', '1001'),
('030821F1005S1002', 'E14', 'First', '200.00', '030821F1005S1', '1001'),
('030821F1005S1003', 'E15', 'First', '200.00', '030821F1005S1', '1001'),
('030821F1005S1004', 'E16', 'First', '200.00', '030821F1005S1', '1001'),
('030821F1005S1005', 'L18', 'Second', '350.00', '030821F1005S1', '1003'),
('030821F1005S1006', 'L19', 'Second', '350.00', '030821F1005S1', '1003'),
('030821F1005S1007', 'L20', 'Second', '350.00', '030821F1005S1', '1003'),
('030821F1005S1008', 'R12', 'Third', '500.00', '030821F1005S1', '1002'),
('030821F1005S1009', 'R13', 'Third', '500.00', '030821F1005S1', '1002'),
('030821F1005S1010', 'R14', 'Third', '500.00', '030821F1005S1', '1002'),
('030821F1005S1011', 'R15', 'Third', '500.00', '030821F1005S1', '1002'),
('030821F1005S2001', 'G07', 'First', '350.00', '030821F1005S2', '1003'),
('030821F1005S2002', 'G08', 'First', '350.00', '030821F1005S2', '1003'),
('030821F1005S2003', 'G09', 'First', '350.00', '030821F1005S2', '1003'),
('030821F1005S2004', 'P15', 'Second', '500.00', '030821F1005S2', '1005'),
('030821F1005S2005', 'P16', 'Second', '500.00', '030821F1005S2', '1005'),
('030821F1005S2006', 'P17', 'Second', '500.00', '030821F1005S2', '1005'),
('030821F1005S2007', 'T12', 'Third', '800.00', '030821F1005S2', '1002'),
('030821F1005S2008', 'T13', 'Third', '800.00', '030821F1005S2', '1002'),
('030821F1005S2009', 'T14', 'Third', '800.00', '030821F1005S2', '1002'),
('040821F1003S1001', 'I16', 'First', '200.00', '040821F1003S1', '1002'),
('040821F1003S1002', 'I17', 'First', '200.00', '040821F1003S1', '1002'),
('040821F1003S1003', 'I18', 'First', '200.00', '040821F1003S1', '1002'),
('040821F1003S1004', 'I19', 'First', '200.00', '040821F1003S1', '1002'),
('040821F1003S1005', 'O01', 'Second', '350.00', '040821F1003S1', '1005'),
('040821F1003S1006', 'O02', 'Second', '350.00', '040821F1003S1', '1005'),
('040821F1003S1007', 'O03', 'Second', '350.00', '040821F1003S1', '1005'),
('040821F1003S1008', 'O04', 'Second', '350.00', '040821F1003S1', '1005'),
('040821F1003S1009', 'S11', 'Third', '500.00', '040821F1003S1', '1001'),
('040821F1003S1010', 'S12', 'Third', '500.00', '040821F1003S1', '1001'),
('040821F1003S1011', 'S13', 'Third', '500.00', '040821F1003S1', '1001'),
('040821F1003S1012', 'S14', 'Third', '500.00', '040821F1003S1', '1001'),
('040821F1003S2001', 'G07', 'First', '350.00', '040821F1003S2', '1003'),
('040821F1003S2002', 'G08', 'First', '350.00', '040821F1003S2', '1003'),
('040821F1003S2003', 'G09', 'First', '350.00', '040821F1003S2', '1003'),
('040821F1003S2004', 'G10', 'First', '350.00', '040821F1003S2', '1003'),
('040821F1003S2005', 'K17', 'Second', '500.00', '040821F1003S2', '1002'),
('040821F1003S2006', 'K18', 'Second', '500.00', '040821F1003S2', '1002'),
('040821F1003S2007', 'K19', 'Second', '500.00', '040821F1003S2', '1002'),
('040821F1003S2008', 'R01', 'Third', '800.00', '040821F1003S2', '1005'),
('040821F1003S2009', 'R02', 'Third', '800.00', '040821F1003S2', '1005'),
('040821F1003S2010', 'R03', 'Third', '800.00', '040821F1003S2', '1005'),
('040821F1004S1001', 'E14', 'First', '200.00', '040821F1004S1', '1004'),
('040821F1004S1002', 'E15', 'First', '200.00', '040821F1004S1', '1004'),
('040821F1004S1003', 'E16', 'First', '200.00', '040821F1004S1', '1004'),
('040821F1004S1004', 'E17', 'First', '200.00', '040821F1004S1', '1004'),
('040821F1004S1005', 'E18', 'First', '200.00', '040821F1004S1', '1004'),
('040821F1004S1006', 'M10', 'Second', '350.00', '040821F1004S1', '1001'),
('040821F1004S1007', 'M11', 'Second', '350.00', '040821F1004S1', '1001'),
('040821F1004S1008', 'M12', 'Second', '350.00', '040821F1004S1', '1001'),
('040821F1004S1009', 'M13', 'Second', '350.00', '040821F1004S1', '1001'),
('040821F1004S1010', 'T07', 'Third', '500.00', '040821F1004S1', '1005'),
('040821F1004S1011', 'T08', 'Third', '500.00', '040821F1004S1', '1005'),
('040821F1004S1012', 'T09', 'Third', '500.00', '040821F1004S1', '1005'),
('040821F1005S1001', 'F14', 'First', '350.00', '040821F1005S1', '1001'),
('040821F1005S1002', 'F15', 'First', '350.00', '040821F1005S1', '1001'),
('040821F1005S1003', 'F16', 'First', '350.00', '040821F1005S1', '1001'),
('040821F1005S1004', 'F17', 'First', '350.00', '040821F1005S1', '1001'),
('040821F1005S1005', 'F18', 'First', '350.00', '040821F1005S1', '1001'),
('040821F1005S1006', 'F19', 'First', '350.00', '040821F1005S1', '1001'),
('040821F1005S1007', 'L12', 'Second', '500.00', '040821F1005S1', '1003'),
('040821F1005S1008', 'L13', 'Second', '500.00', '040821F1005S1', '1003'),
('040821F1005S1009', 'L14', 'Second', '500.00', '040821F1005S1', '1003'),
('040821F1005S1010', 'L15', 'Second', '500.00', '040821F1005S1', '1003'),
('040821F1005S1011', 'L16', 'Second', '500.00', '040821F1005S1', '1003'),
('040821F1005S1012', 'S07', 'Third', '800.00', '040821F1005S1', '1002'),
('040821F1005S1013', 'S08', 'Third', '800.00', '040821F1005S1', '1002'),
('040821F1005S1014', 'S09', 'Third', '800.00', '040821F1005S1', '1002'),
('040821F1005S1015', 'S10', 'Third', '800.00', '040821F1005S1', '1002'),
('060821F1003S1001', 'D05', 'First', '200.00', '060821F1003S1', '1004'),
('060821F1003S1002', 'D06', 'First', '200.00', '060821F1003S1', '1004'),
('060821F1003S1003', 'D07', 'First', '200.00', '060821F1003S1', '1004'),
('060821F1003S1004', 'D08', 'First', '200.00', '060821F1003S1', '1004'),
('060821F1003S1005', 'D09', 'First', '200.00', '060821F1003S1', '1004'),
('060821F1003S1006', 'D10', 'First', '200.00', '060821F1003S1', '1004'),
('060821F1003S1007', 'D11', 'First', '200.00', '060821F1003S1', '1004'),
('060821F1003S1008', 'D12', 'First', '200.00', '060821F1003S1', '1004'),
('060821F1003S1009', 'D13', 'First', '200.00', '060821F1003S1', '1004'),
('060821F1003S1010', 'D14', 'First', '200.00', '060821F1003S1', '1004'),
('060821F1003S1011', 'Q02', 'Second', '350.00', '060821F1003S1', '1001'),
('060821F1003S1012', 'Q03', 'Second', '350.00', '060821F1003S1', '1001'),
('060821F1003S1013', 'Q04', 'Second', '350.00', '060821F1003S1', '1001'),
('060821F1003S1014', 'Q05', 'Second', '350.00', '060821F1003S1', '1001'),
('060821F1003S1015', 'Q06', 'Second', '350.00', '060821F1003S1', '1001'),
('060821F1003S1016', 'Q07', 'Second', '350.00', '060821F1003S1', '1001'),
('060821F1003S1017', 'Q08', 'Second', '350.00', '060821F1003S1', '1001'),
('060821F1003S1018', 'Q09', 'Second', '350.00', '060821F1003S1', '1001'),
('060821F1003S1019', 'R14', 'Third', '500.00', '060821F1003S1', '1003'),
('060821F1003S1020', 'R15', 'Third', '500.00', '060821F1003S1', '1003'),
('060821F1003S1021', 'R16', 'Third', '500.00', '060821F1003S1', '1003'),
('060821F1003S1022', 'R17', 'Third', '500.00', '060821F1003S1', '1003'),
('060821F1003S1023', 'R18', 'Third', '500.00', '060821F1003S1', '1003'),
('060821F1003S1024', 'R19', 'Third', '500.00', '060821F1003S1', '1003'),
('060821F1004S1001', 'I04', 'First', '350.00', '060821F1004S1', '1005'),
('060821F1004S1002', 'I05', 'First', '350.00', '060821F1004S1', '1005'),
('060821F1004S1003', 'I06', 'First', '350.00', '060821F1004S1', '1005'),
('060821F1004S1004', 'I07', 'First', '350.00', '060821F1004S1', '1005'),
('060821F1004S1005', 'I08', 'First', '350.00', '060821F1004S1', '1005'),
('060821F1004S1006', 'I09', 'First', '350.00', '060821F1004S1', '1005'),
('060821F1004S1007', 'I10', 'First', '350.00', '060821F1004S1', '1005'),
('060821F1004S1008', 'N15', 'Second', '500.00', '060821F1004S1', '1001'),
('060821F1004S1009', 'N16', 'Second', '500.00', '060821F1004S1', '1001'),
('060821F1004S1010', 'N17', 'Second', '500.00', '060821F1004S1', '1001'),
('060821F1004S1011', 'N18', 'Second', '500.00', '060821F1004S1', '1001'),
('060821F1004S1012', 'N19', 'Second', '500.00', '060821F1004S1', '1001'),
('060821F1004S1013', 'S10', 'Third', '800.00', '060821F1004S1', '1003'),
('060821F1004S1014', 'S11', 'Third', '800.00', '060821F1004S1', '1003'),
('060821F1004S1015', 'S12', 'Third', '800.00', '060821F1004S1', '1003'),
('060821F1004S1016', 'S13', 'Third', '800.00', '060821F1004S1', '1003'),
('060821F1004S1017', 'S14', 'Third', '800.00', '060821F1004S1', '1003'),
('060821F1005S1001', 'H03', 'First', '500.00', '060821F1005S1', '1001'),
('060821F1005S1002', 'H04', 'First', '200.00', '060821F1005S1', '1001'),
('060821F1005S1003', 'H05', 'First', '200.00', '060821F1005S1', '1001'),
('060821F1005S1004', 'H06', 'First', '200.00', '060821F1005S1', '1001'),
('060821F1005S1005', 'H07', 'First', '200.00', '060821F1005S1', '1001'),
('060821F1005S1006', 'N12', 'Second', '350.00', '060821F1005S1', '1004'),
('060821F1005S1007', 'N13', 'Second', '350.00', '060821F1005S1', '1004'),
('060821F1005S1008', 'N14', 'Second', '350.00', '060821F1005S1', '1004'),
('060821F1005S1009', 'N15', 'Second', '350.00', '060821F1005S1', '1004'),
('060821F1005S1010', 'T01', 'Third', '500.00', '060821F1005S1', '1002'),
('060821F1005S1011', 'T02', 'Third', '500.00', '060821F1005S1', '1002'),
('060821F1005S1012', 'T03', 'Third', '500.00', '060821F1005S1', '1002'),
('060821F1005S1013', 'T04', 'Third', '500.00', '060821F1005S1', '1002'),
('060821F1005S2001', 'A11', 'First', '350.00', '060821F1005S2', '1001'),
('060821F1005S2002', 'A12', 'First', '350.00', '060821F1005S2', '1001'),
('060821F1005S2003', 'A13', 'First', '350.00', '060821F1005S2', '1001'),
('060821F1005S2004', 'A14', 'First', '350.00', '060821F1005S2', '1001'),
('060821F1005S2005', 'A15', 'First', '350.00', '060821F1005S2', '1001'),
('060821F1005S2006', 'A16', 'First', '350.00', '060821F1005S2', '1001'),
('060821F1005S2007', 'P03', 'Second', '500.00', '060821F1005S2', '1003'),
('060821F1005S2008', 'P04', 'Second', '500.00', '060821F1005S2', '1003'),
('060821F1005S2009', 'P05', 'Second', '500.00', '060821F1005S2', '1003'),
('060821F1005S2010', 'P06', 'Second', '500.00', '060821F1005S2', '1003'),
('060821F1005S2011', 'P07', 'Second', '500.00', '060821F1005S2', '1003'),
('060821F1005S2012', 'S16', 'Third', '800.00', '060821F1005S2', '1005'),
('060821F1005S2013', 'S17', 'Third', '800.00', '060821F1005S2', '1005'),
('060821F1005S2014', 'S18', 'Third', '800.00', '060821F1005S2', '1005'),
('060821F1005S2015', 'S19', 'Third', '800.00', '060821F1005S2', '1005'),
('060821F1005S2016', 'S20', 'Third', '800.00', '060821F1005S2', '1005'),
('070821F1003S1001', 'J05', 'First', '200.00', '070821F1003S1', '1003'),
('070821F1003S1002', 'J06', 'First', '200.00', '070821F1003S1', '1003'),
('070821F1003S1003', 'J07', 'First', '200.00', '070821F1003S1', '1003'),
('070821F1003S1004', 'J08', 'First', '200.00', '070821F1003S1', '1003'),
('070821F1003S1005', 'J09', 'First', '200.00', '070821F1003S1', '1003'),
('070821F1003S1006', 'J10', 'First', '200.00', '070821F1003S1', '1003'),
('070821F1003S1007', 'J11', 'First', '200.00', '070821F1003S1', '1003'),
('070821F1003S1008', 'J12', 'First', '200.00', '070821F1003S1', '1003'),
('070821F1003S1009', 'J13', 'First', '200.00', '070821F1003S1', '1003'),
('070821F1003S1010', 'P09', 'Second', '350.00', '070821F1003S1', '1005'),
('070821F1003S1011', 'P10', 'Second', '350.00', '070821F1003S1', '1005'),
('070821F1003S1012', 'P11', 'Second', '350.00', '070821F1003S1', '1005'),
('070821F1003S1013', 'P12', 'Second', '350.00', '070821F1003S1', '1005'),
('070821F1003S1014', 'P13', 'Second', '350.00', '070821F1003S1', '1005'),
('070821F1003S1015', 'P14', 'Second', '350.00', '070821F1003S1', '1005'),
('070821F1003S1016', 'R05', 'Third', '500.00', '070821F1003S1', '1002'),
('070821F1003S1017', 'R06', 'Third', '500.00', '070821F1003S1', '1002'),
('070821F1003S1018', 'R07', 'Third', '500.00', '070821F1003S1', '1002'),
('070821F1003S1019', 'R08', 'Third', '500.00', '070821F1003S1', '1002'),
('070821F1003S1020', 'R09', 'Third', '500.00', '070821F1003S1', '1002'),
('070821F1003S1021', 'R10', 'Third', '500.00', '070821F1003S1', '1002'),
('070821F1003S2001', 'B01', 'First', '350.00', '070821F1003S2', '1004'),
('070821F1003S2002', 'B02', 'First', '350.00', '070821F1003S2', '1004'),
('070821F1003S2003', 'B03', 'First', '350.00', '070821F1003S2', '1004'),
('070821F1003S2004', 'B04', 'First', '350.00', '070821F1003S2', '1004'),
('070821F1003S2005', 'B05', 'First', '350.00', '070821F1003S2', '1004'),
('070821F1003S2006', 'B06', 'First', '350.00', '070821F1003S2', '1004'),
('070821F1003S2007', 'B07', 'First', '350.00', '070821F1003S2', '1004'),
('070821F1003S2008', 'M13', 'Second', '500.00', '070821F1003S2', '1001'),
('070821F1003S2009', 'M14', 'Second', '500.00', '070821F1003S2', '1001'),
('070821F1003S2010', 'M15', 'Second', '500.00', '070821F1003S2', '1001'),
('070821F1003S2011', 'M16', 'Second', '500.00', '070821F1003S2', '1001'),
('070821F1003S2012', 'M17', 'Second', '500.00', '070821F1003S2', '1001'),
('070821F1003S2013', 'T05', 'Third', '800.00', '070821F1003S2', '1003'),
('070821F1003S2014', 'T06', 'Third', '800.00', '070821F1003S2', '1003'),
('070821F1003S2015', 'T07', 'Third', '800.00', '070821F1003S2', '1003'),
('070821F1003S2016', 'T08', 'Third', '800.00', '070821F1003S2', '1003'),
('070821F1004S1001', 'H12', 'First', '200.00', '070821F1004S1', '1005'),
('070821F1004S1002', 'H13', 'First', '200.00', '070821F1004S1', '1005'),
('070821F1004S1003', 'H14', 'First', '200.00', '070821F1004S1', '1005'),
('070821F1004S1004', 'H15', 'First', '200.00', '070821F1004S1', '1005'),
('070821F1004S1005', 'H16', 'First', '200.00', '070821F1004S1', '1005'),
('070821F1004S1006', 'H17', 'First', '200.00', '070821F1004S1', '1005'),
('070821F1004S1007', 'O09', 'Second', '350.00', '070821F1004S1', '1002'),
('070821F1004S1008', 'O10', 'Second', '350.00', '070821F1004S1', '1002'),
('070821F1004S1009', 'O11', 'Second', '350.00', '070821F1004S1', '1002'),
('070821F1004S1010', 'O12', 'Second', '350.00', '070821F1004S1', '1002'),
('070821F1004S1011', 'O13', 'Second', '350.00', '070821F1004S1', '1002'),
('070821F1004S1012', 'T16', 'Third', '500.00', '070821F1004S1', '1001'),
('070821F1004S1013', 'T17', 'Third', '500.00', '070821F1004S1', '1001'),
('070821F1004S1014', 'T18', 'Third', '500.00', '070821F1004S1', '1001'),
('070821F1004S1015', 'T19', 'Third', '500.00', '070821F1004S1', '1001'),
('070821F1004S1016', 'T20', 'Third', '500.00', '070821F1004S1', '1001'),
('070821F1005S1001', 'G12', 'First', '350.00', '070821F1005S1', '1004'),
('070821F1005S1002', 'G13', 'First', '350.00', '070821F1005S1', '1004'),
('070821F1005S1003', 'G14', 'First', '350.00', '070821F1005S1', '1004'),
('070821F1005S1004', 'G15', 'First', '350.00', '070821F1005S1', '1004'),
('070821F1005S1005', 'G16', 'First', '350.00', '070821F1005S1', '1004'),
('070821F1005S1006', 'G17', 'First', '350.00', '070821F1005S1', '1004'),
('070821F1005S1007', 'G18', 'First', '350.00', '070821F1005S1', '1004'),
('070821F1005S1008', 'G19', 'First', '350.00', '070821F1005S1', '1004'),
('070821F1005S1009', 'G20', 'First', '350.00', '070821F1005S1', '1004'),
('070821F1005S1010', 'M01', 'Second', '500.00', '070821F1005S1', '1001'),
('070821F1005S1011', 'M02', 'Second', '500.00', '070821F1005S1', '1001'),
('070821F1005S1012', 'M03', 'Second', '500.00', '070821F1005S1', '1001'),
('070821F1005S1013', 'M04', 'Second', '500.00', '070821F1005S1', '1001'),
('070821F1005S1014', 'M05', 'Second', '500.00', '070821F1005S1', '1001'),
('070821F1005S1015', 'M06', 'Second', '500.00', '070821F1005S1', '1001'),
('070821F1005S1016', 'M07', 'Second', '500.00', '070821F1005S1', '1001'),
('070821F1005S1017', 'M08', 'Second', '500.00', '070821F1005S1', '1001'),
('070821F1005S1018', 'S13', 'Third', '800.00', '070821F1005S1', '1003'),
('070821F1005S1019', 'S14', 'Third', '800.00', '070821F1005S1', '1003'),
('070821F1005S1020', 'S15', 'Third', '800.00', '070821F1005S1', '1003'),
('070821F1005S1021', 'S16', 'Third', '800.00', '070821F1005S1', '1003'),
('070821F1005S1022', 'S17', 'Third', '800.00', '070821F1005S1', '1003'),
('070821F1005S1023', 'S18', 'Third', '800.00', '070821F1005S1', '1003'),
('070821F1005S1024', 'S19', 'Third', '800.00', '070821F1005S1', '1003'),
('070821F1005S1025', 'S20', 'Third', '800.00', '070821F1005S1', '1003');

--
-- Indexes for dumped tables
--

--
-- Indexes for table `customer`
--
ALTER TABLE `customer`
  ADD PRIMARY KEY (`cust_id`),
  ADD UNIQUE KEY `cust_phone` (`cust_phone`),
  ADD UNIQUE KEY `cust_email` (`cust_email`),
  ADD UNIQUE KEY `card_no` (`card_no`),
  ADD UNIQUE KEY `cvc_no` (`cvc_no`);

--
-- Indexes for table `employee`
--
ALTER TABLE `employee`
  ADD PRIMARY KEY (`emp_id`);

--
-- Indexes for table `film`
--
ALTER TABLE `film`
  ADD PRIMARY KEY (`film_id`),
  ADD UNIQUE KEY `imdb` (`imdb`),
  ADD UNIQUE KEY `rtom` (`rtom`);

--
-- Indexes for table `show`
--
ALTER TABLE `show`
  ADD PRIMARY KEY (`show_id`),
  ADD KEY `film_id` (`film_id`),
  ADD KEY `emp_id` (`emp_id`);

--
-- Indexes for table `ticket`
--
ALTER TABLE `ticket`
  ADD PRIMARY KEY (`ticket_no`),
  ADD KEY `show_id` (`show_id`),
  ADD KEY `cust_id` (`cust_id`);

--
-- Constraints for dumped tables
--

--
-- Constraints for table `show`
--
ALTER TABLE `show`
  ADD CONSTRAINT `show_ibfk_1` FOREIGN KEY (`film_id`) REFERENCES `film` (`film_id`),
  ADD CONSTRAINT `show_ibfk_2` FOREIGN KEY (`emp_id`) REFERENCES `employee` (`emp_id`);

--
-- Constraints for table `ticket`
--
ALTER TABLE `ticket`
  ADD CONSTRAINT `ticket_ibfk_1` FOREIGN KEY (`show_id`) REFERENCES `show` (`show_id`),
  ADD CONSTRAINT `ticket_ibfk_2` FOREIGN KEY (`cust_id`) REFERENCES `customer` (`cust_id`);
COMMIT;

/*!40101 SET CHARACTER_SET_CLIENT=@OLD_CHARACTER_SET_CLIENT */;
/*!40101 SET CHARACTER_SET_RESULTS=@OLD_CHARACTER_SET_RESULTS */;
/*!40101 SET COLLATION_CONNECTION=@OLD_COLLATION_CONNECTION */;
